{
  "name": "Brillant Theme",
  "code": "brillant_theme_7868",
  "version": "1.0.0",
  "author": "Brillant Store",
  "description": "A premium theme inspired by Extra store with Brillant Store branding",
  "homepage": "https://brillantstore.net",
  "tags": ["premium", "responsive", "modern", "electronics"],
  "thumbnail": "assets/images/brillant_logo.png",
  "settings": {
    "colors": {
      "primary": "#0056b3",
      "secondary": "#6c757d",
      "accent": "#ffc107",
      "background": "#ffffff",
      "text": "#212529"
    },
    "fonts": {
      "heading": "Cairo, sans-serif",
      "body": "Cairo, sans-serif"
    }
  },
  "supports": {
    "rtl": true,
    "multilingual": true,
    "responsive": true
  }
}
